"2014,US,United","States,,US,BRFSS,Prevention,59,Current",lack,of,health,insurance,among,adults,aged,18–64,"Years,%,AgeAdjPrv,Age-adjusted","prevalence,14.9,14.6,15.2,,,308745538,,PREVENT,ACCESS2,,,Health",Insurance
"2014,US,United","States,,US,BRFSS,Prevention,59,Current",lack,of,health,insurance,among,adults,aged,18–64,"Years,%,CrdPrv,Crude","prevalence,14.1,13.8,14.3,,,308745538,,PREVENT,ACCESS2,,,Health",Insurance
"2014,US,United","States,,US,BRFSS,Health","Outcomes,59,Arthritis",among,adults,aged,>=18,"Years,%,AgeAdjPrv,Age-adjusted","prevalence,23.5,23.3,23.7,,,308745538,,HLTHOUT,ARTHRITIS,,,Arthritis"
"2014,US,United","States,,US,BRFSS,Health","Outcomes,59,Arthritis",among,adults,aged,>=18,"Years,%,CrdPrv,Crude","prevalence,25.6,25.4,25.9,,,308745538,,HLTHOUT,ARTHRITIS,,,Arthritis"
"2014,US,United","States,,US,BRFSS,Unhealthy","Behaviors,59,Binge",drinking,among,adults,aged,>=18,"Years,%,AgeAdjPrv,Age-adjusted","prevalence,16.8,16.6,17.1,,,308745538,,UNHBEH,BINGE,,,Binge",Drinking
"2014,US,United","States,,US,BRFSS,Unhealthy","Behaviors,59,Binge",drinking,among,adults,aged,>=18,"Years,%,CrdPrv,Crude","prevalence,16.0,15.8,16.2,,,308745538,,UNHBEH,BINGE,,,Binge",Drinking
"2013,US,United","States,,US,BRFSS,Health","Outcomes,59,High",blood,pressure,among,adults,aged,>=18,"Years,%,AgeAdjPrv,Age-adjusted","prevalence,30.2,30.0,30.5,,,308745538,,HLTHOUT,BPHIGH,,,High",Blood,Pressure
"2013,US,United","States,,US,BRFSS,Health","Outcomes,59,High",blood,pressure,among,adults,aged,>=18,"Years,%,CrdPrv,Crude","prevalence,32.4,32.1,32.7,,,308745538,,HLTHOUT,BPHIGH,,,High",Blood,Pressure
"2013,US,United","States,,US,BRFSS,Prevention,59,Taking",medicine,for,high,blood,pressure,control,among,adults,aged,>=18,Years,with,high,blood,"pressure,%,AgeAdjPrv,Age-adjusted","prevalence,58.2,57.5,58.8,,,308745538,,PREVENT,BPMED,,,Taking",BP,Medication
"2013,US,United","States,,US,BRFSS,Prevention,59,Taking",medicine,for,high,blood,pressure,control,among,adults,aged,>=18,Years,with,high,blood,"pressure,%,CrdPrv,Crude","prevalence,77.1,76.6,77.5,,,308745538,,PREVENT,BPMED,,,Taking",BP,Medication
"2014,US,United","States,,US,BRFSS,Health","Outcomes,59,Cancer",(excluding,skin,cancer),among,adults,aged,>=18,"Years,%,AgeAdjPrv,Age-adjusted","prevalence,5.9,5.8,6.0,,,308745538,,HLTHOUT,CANCER,,,Cancer",(except,skin)
"2014,US,United","States,,US,BRFSS,Health","Outcomes,59,Cancer",(excluding,skin,cancer),among,adults,aged,>=18,"Years,%,CrdPrv,Crude","prevalence,6.4,6.3,6.6,,,308745538,,HLTHOUT,CANCER,,,Cancer",(except,skin)
"2014,US,United","States,,US,BRFSS,Health","Outcomes,59,Current",asthma,among,adults,aged,>=18,"Years,%,AgeAdjPrv,Age-adjusted","prevalence,8.8,8.7,9.0,,,308745538,,HLTHOUT,CASTHMA,,,Current",Asthma
"2014,US,United","States,,US,BRFSS,Health","Outcomes,59,Current",asthma,among,adults,aged,>=18,"Years,%,CrdPrv,Crude","prevalence,8.9,8.7,9.1,,,308745538,,HLTHOUT,CASTHMA,,,Current",Asthma
"2014,US,United","States,,US,BRFSS,Health","Outcomes,59,Coronary",heart,disease,among,adults,aged,>=18,"Years,%,AgeAdjPrv,Age-adjusted","prevalence,6.0,5.9,6.1,,,308745538,,HLTHOUT,CHD,,,Coronary",Heart,Disease
"2014,US,United","States,,US,BRFSS,Health","Outcomes,59,Coronary",heart,disease,among,adults,aged,>=18,"Years,%,CrdPrv,Crude","prevalence,6.7,6.5,6.8,,,308745538,,HLTHOUT,CHD,,,Coronary",Heart,Disease
"2014,US,United","States,,US,BRFSS,Prevention,59,Visits",to,doctor,for,routine,checkup,within,the,past,Year,among,adults,aged,>=18,"Years,%,AgeAdjPrv,Age-adjusted","prevalence,68.7,68.4,69.0,,,308745538,,PREVENT,CHECKUP,,,Annual",Checkup
"2014,US,United","States,,US,BRFSS,Prevention,59,Visits",to,doctor,for,routine,checkup,within,the,past,Year,among,adults,aged,>=18,"Years,%,CrdPrv,Crude","prevalence,70.0,69.7,70.3,,,308745538,,PREVENT,CHECKUP,,,Annual",Checkup
"2013,US,United","States,,US,BRFSS,Prevention,59,Cholesterol",screening,among,adults,aged,>=18,"Years,%,AgeAdjPrv,Age-adjusted","prevalence,74.8,74.6,75.1,,,308745538,,PREVENT,CHOLSCREEN,,,Cholesterol",Screening
"2013,US,United","States,,US,BRFSS,Prevention,59,Cholesterol",screening,among,adults,aged,>=18,"Years,%,CrdPrv,Crude","prevalence,76.4,76.1,76.6,,,308745538,,PREVENT,CHOLSCREEN,,,Cholesterol",Screening
"2014,US,United","States,,US,BRFSS,Prevention,59,""Fecal",occult,blood,"test,","sigmoidoscopy,",or,colonoscopy,among,adults,aged,50–75,"Years"",%,AgeAdjPrv,Age-adjusted","prevalence,64.0,63.5,64.5,,,308745538,,PREVENT,COLON_SCREEN,,,Colorectal",Cancer,Screening
"2014,US,United","States,,US,BRFSS,Prevention,59,""Fecal",occult,blood,"test,","sigmoidoscopy,",or,colonoscopy,among,adults,aged,50–75,"Years"",%,CrdPrv,Crude","prevalence,63.7,63.3,64.1,,,308745538,,PREVENT,COLON_SCREEN,,,Colorectal",Cancer,Screening
"2014,US,United","States,,US,BRFSS,Health","Outcomes,59,Chronic",obstructive,pulmonary,disease,among,adults,aged,>=18,"Years,%,AgeAdjPrv,Age-adjusted","prevalence,6.1,6.0,6.2,,,308745538,,HLTHOUT,COPD,,,COPD"
"2014,US,United","States,,US,BRFSS,Health","Outcomes,59,Chronic",obstructive,pulmonary,disease,among,adults,aged,>=18,"Years,%,CrdPrv,Crude","prevalence,6.6,6.5,6.7,,,308745538,,HLTHOUT,COPD,,,COPD"
"2014,US,United","States,,US,BRFSS,Health","Outcomes,59,Physical",health,not,good,for,>=14,days,among,adults,aged,>=18,"Years,%,AgeAdjPrv,Age-adjusted","prevalence,11.6,11.4,11.8,,,308745538,,HLTHOUT,PHLTH,,,Physical",Health
"2014,US,United","States,,US,BRFSS,Prevention,59,""Older",adult,men,aged,>=65,Years,who,are,up,to,date,on,a,core,set,of,clinical,preventive,services:,Flu,shot,past,"Year,",PPV,shot,"ever,",Colorectal,cancer,"screening"",%,AgeAdjPrv,Age-adjusted","prevalence,32.9,32.1,33.6,,,308745538,,PREVENT,COREM,,,Core",preventive,services,for,older,men
"2014,US,United","States,,US,BRFSS,Prevention,59,""Older",adult,men,aged,>=65,Years,who,are,up,to,date,on,a,core,set,of,clinical,preventive,services:,Flu,shot,past,"Year,",PPV,shot,"ever,",Colorectal,cancer,"screening"",%,CrdPrv,Crude","prevalence,32.3,31.5,33.0,,,308745538,,PREVENT,COREM,,,Core",preventive,services,for,older,men
"2014,US,United","States,,US,BRFSS,Prevention,59,""Older",adult,women,aged,>=65,Years,who,are,up,to,date,on,a,core,set,of,clinical,preventive,services:,Flu,shot,past,"Year,",PPV,shot,"ever,",Colorectal,cancer,"screening,",and,Mammogram,past,2,"Years"",%,AgeAdjPrv,Age-adjusted","prevalence,30.7,30.2,31.4,,,308745538,,PREVENT,COREW,,,Core",preventive,services,for,older,women
"2014,US,United","States,,US,BRFSS,Prevention,59,""Older",adult,women,aged,>=65,Years,who,are,up,to,date,on,a,core,set,of,clinical,preventive,services:,Flu,shot,past,"Year,",PPV,shot,"ever,",Colorectal,cancer,"screening,",and,Mammogram,past,2,"Years"",%,CrdPrv,Crude","prevalence,30.7,30.1,31.3,,,308745538,,PREVENT,COREW,,,Core",preventive,services,for,older,women
"2014,US,United","States,,US,BRFSS,Unhealthy","Behaviors,59,Current",smoking,among,adults,aged,>=18,"Years,%,AgeAdjPrv,Age-adjusted","prevalence,17.7,17.5,18.0,,,308745538,,UNHBEH,CSMOKING,,,Current",Smoking
"2014,US,United","States,,US,BRFSS,Unhealthy","Behaviors,59,Current",smoking,among,adults,aged,>=18,"Years,%,CrdPrv,Crude","prevalence,17.4,17.2,17.7,,,308745538,,UNHBEH,CSMOKING,,,Current",Smoking
"2014,US,United","States,,US,BRFSS,Prevention,59,Visits",to,dentist,or,dental,clinic,among,adults,aged,>=18,"Years,%,AgeAdjPrv,Age-adjusted","prevalence,64.1,63.8,64.4,,,308745538,,PREVENT,DENTAL,,,Dental",Visit
"2014,US,United","States,,US,BRFSS,Prevention,59,Visits",to,dentist,or,dental,clinic,among,adults,aged,>=18,"Years,%,CrdPrv,Crude","prevalence,64.4,64.1,64.7,,,308745538,,PREVENT,DENTAL,,,Dental",Visit
"2014,US,United","States,,US,BRFSS,Health","Outcomes,59,Diagnosed",diabetes,among,adults,aged,>=18,"Years,%,AgeAdjPrv,Age-adjusted","prevalence,9.4,9.3,9.6,,,308745538,,HLTHOUT,DIABETES,,,Diabetes"
"2014,US,United","States,,US,BRFSS,Health","Outcomes,59,Diagnosed",diabetes,among,adults,aged,>=18,"Years,%,CrdPrv,Crude","prevalence,10.5,10.3,10.7,,,308745538,,HLTHOUT,DIABETES,,,Diabetes"
"2013,US,United","States,,US,BRFSS,Health","Outcomes,59,High",cholesterol,among,adults,aged,>=18,Years,who,have,been,screened,in,the,past,5,"Years,%,AgeAdjPrv,Age-adjusted","prevalence,33.2,32.9,33.5,,,308745538,,HLTHOUT,HIGHCHOL,,,High",Cholesterol
"2013,US,United","States,,US,BRFSS,Health","Outcomes,59,High",cholesterol,among,adults,aged,>=18,Years,who,have,been,screened,in,the,past,5,"Years,%,CrdPrv,Crude","prevalence,39.1,38.8,39.5,,,308745538,,HLTHOUT,HIGHCHOL,,,High",Cholesterol
"2014,US,United","States,,US,BRFSS,Health","Outcomes,59,Chronic",kidney,disease,among,adults,aged,>=18,"Years,%,AgeAdjPrv,Age-adjusted","prevalence,2.6,2.5,2.7,,,308745538,,HLTHOUT,KIDNEY,,,Chronic",Kidney,Disease
"2014,US,United","States,,US,BRFSS,Health","Outcomes,59,Chronic",kidney,disease,among,adults,aged,>=18,"Years,%,CrdPrv,Crude","prevalence,2.8,2.7,2.9,,,308745538,,HLTHOUT,KIDNEY,,,Chronic",Kidney,Disease
"2014,US,United","States,,US,BRFSS,Unhealthy","Behaviors,59,No",leisure-time,physical,activity,among,adults,aged,>=18,"Years,%,AgeAdjPrv,Age-adjusted","prevalence,23.3,23.0,23.6,,,308745538,,UNHBEH,LPA,,,Physical",Activity
"2014,US,United","States,,US,BRFSS,Unhealthy","Behaviors,59,No",leisure-time,physical,activity,among,adults,aged,>=18,"Years,%,CrdPrv,Crude","prevalence,23.7,23.5,24.0,,,308745538,,UNHBEH,LPA,,,Physical",Activity
"2014,US,United","States,,US,BRFSS,Prevention,59,Mammography",use,among,women,aged,50–74,"Years,%,AgeAdjPrv,Age-adjusted","prevalence,75.5,75.1,75.9,,,308745538,,PREVENT,MAMMOUSE,,,Mammography"
"2014,US,United","States,,US,BRFSS,Prevention,59,Mammography",use,among,women,aged,50–74,"Years,%,CrdPrv,Crude","prevalence,75.8,75.4,76.2,,,308745538,,PREVENT,MAMMOUSE,,,Mammography"
"2014,US,United","States,,US,BRFSS,Health","Outcomes,59,Mental",health,not,good,for,>=14,days,among,adults,aged,>=18,"Years,%,AgeAdjPrv,Age-adjusted","prevalence,11.5,11.3,11.7,,,308745538,,HLTHOUT,MHLTH,,,Mental",Health
"2014,US,United","States,,US,BRFSS,Health","Outcomes,59,Mental",health,not,good,for,>=14,days,among,adults,aged,>=18,"Years,%,CrdPrv,Crude","prevalence,11.5,11.3,11.7,,,308745538,,HLTHOUT,MHLTH,,,Mental",Health
"2014,US,United","States,,US,BRFSS,Unhealthy","Behaviors,59,Obesity",among,adults,aged,>=18,"Years,%,AgeAdjPrv,Age-adjusted","prevalence,28.7,28.4,29.0,,,308745538,,UNHBEH,OBESITY,,,Obesity"
"2014,US,United","States,,US,BRFSS,Unhealthy","Behaviors,59,Obesity",among,adults,aged,>=18,"Years,%,CrdPrv,Crude","prevalence,28.9,28.6,29.2,,,308745538,,UNHBEH,OBESITY,,,Obesity"
"2014,US,United","States,,US,BRFSS,Prevention,59,Papanicolaou",smear,use,among,adult,women,aged,21–65,"Years,%,AgeAdjPrv,Age-adjusted","prevalence,81.1,80.6,81.6,,,308745538,,PREVENT,PAPTEST,,,Pap",Smear,Test
"2014,US,United","States,,US,BRFSS,Prevention,59,Papanicolaou",smear,use,among,adult,women,aged,21–65,"Years,%,CrdPrv,Crude","prevalence,81.8,81.3,82.2,,,308745538,,PREVENT,PAPTEST,,,Pap",Smear,Test
"2014,US,United","States,,US,BRFSS,Health","Outcomes,59,Physical",health,not,good,for,>=14,days,among,adults,aged,>=18,"Years,%,CrdPrv,Crude","prevalence,12.0,11.8,12.2,,,308745538,,HLTHOUT,PHLTH,,,Physical",Health
"2014,US,United","States,,US,BRFSS,Unhealthy","Behaviors,59,Sleeping",less,than,7,hours,among,adults,aged,>=18,"Years,%,AgeAdjPrv,Age-adjusted","prevalence,35.1,34.8,35.5,,,308745538,,UNHBEH,SLEEP,,,Sleep"
"2014,US,United","States,,US,BRFSS,Unhealthy","Behaviors,59,Sleeping",less,than,7,hours,among,adults,aged,>=18,"Years,%,CrdPrv,Crude","prevalence,34.8,34.5,35.1,,,308745538,,UNHBEH,SLEEP,,,Sleep"
"2014,US,United","States,,US,BRFSS,Health","Outcomes,59,Stroke",among,adults,aged,>=18,"Years,%,AgeAdjPrv,Age-adjusted","prevalence,2.8,2.7,2.9,,,308745538,,HLTHOUT,STROKE,,,Stroke"
"2014,US,United","States,,US,BRFSS,Health","Outcomes,59,Stroke",among,adults,aged,>=18,"Years,%,CrdPrv,Crude","prevalence,3.1,3.0,3.2,,,308745538,,HLTHOUT,STROKE,,,Stroke"
"2014,US,United","States,,US,BRFSS,Health","Outcomes,59,All",teeth,lost,among,adults,aged,>=65,"Years,%,AgeAdjPrv,Age-adjusted","prevalence,15.4,15.0,15.8,,,308745538,,HLTHOUT,TEETHLOST,,,Teeth",Loss
"2014,US,United","States,,US,BRFSS,Health","Outcomes,59,All",teeth,lost,among,adults,aged,>=65,"Years,%,CrdPrv,Crude","prevalence,14.9,14.6,15.3,,,308745538,,HLTHOUT,TEETHLOST,,,Teeth",Loss
"2014,AL,Alabama,Birmingham,City,BRFSS,Prevention,0107000,Current",lack,of,health,insurance,among,adults,aged,18–64,"Years,%,AgeAdjPrv,Age-adjusted","prevalence,21.4,21.0,21.8,,,212237,""(33.5275663773,","-86.7988174678)"",PREVENT,ACCESS2,0107000,,Health",Insurance
"2014,AL,Alabama,Birmingham,City,BRFSS,Prevention,0107000,Current",lack,of,health,insurance,among,adults,aged,18–64,"Years,%,CrdPrv,Crude","prevalence,22.6,22.1,23.0,,,212237,""(33.5275663773,","-86.7988174678)"",PREVENT,ACCESS2,0107000,,Health",Insurance
"2014,AL,Alabama,Birmingham,Census","Tract,BRFSS,Prevention,0107000-01073000100,Current",lack,of,health,insurance,among,adults,aged,18–64,"Years,%,CrdPrv,Crude","prevalence,27.6,24.2,31.0,,,3042,""(33.5794328326,","-86.7228323926)"",PREVENT,ACCESS2,0107000,01073000100,Health",Insurance
"2014,AL,Alabama,Birmingham,Census","Tract,BRFSS,Prevention,0107000-01073000300,Current",lack,of,health,insurance,among,adults,aged,18–64,"Years,%,CrdPrv,Crude","prevalence,32.2,28.5,36.0,,,2735,""(33.5428208686,","-86.752433978)"",PREVENT,ACCESS2,0107000,01073000300,Health",Insurance
"2014,AL,Alabama,Birmingham,Census","Tract,BRFSS,Prevention,0107000-01073000400,Current",lack,of,health,insurance,among,adults,aged,18–64,"Years,%,CrdPrv,Crude","prevalence,31.8,28.0,35.8,,,3338,""(33.5632449633,","-86.7640474064)"",PREVENT,ACCESS2,0107000,01073000400,Health",Insurance
"2014,AL,Alabama,Birmingham,Census","Tract,BRFSS,Prevention,0107000-01073000500,Current",lack,of,health,insurance,among,adults,aged,18–64,"Years,%,CrdPrv,Crude","prevalence,33.7,29.3,37.9,,,2864,""(33.5442404594,","-86.7749130719)"",PREVENT,ACCESS2,0107000,01073000500,Health",Insurance
"2014,AL,Alabama,Birmingham,Census","Tract,BRFSS,Prevention,0107000-01073000700,Current",lack,of,health,insurance,among,adults,aged,18–64,"Years,%,CrdPrv,Crude","prevalence,38.4,33.0,43.7,,,2577,""(33.5525406139,","-86.8016893706)"",PREVENT,ACCESS2,0107000,01073000700,Health",Insurance
"2014,AL,Alabama,Birmingham,Census","Tract,BRFSS,Prevention,0107000-01073000800,Current",lack,of,health,insurance,among,adults,aged,18–64,"Years,%,CrdPrv,Crude","prevalence,26.5,22.6,30.2,,,3859,""(33.549697789,","-86.8330944744)"",PREVENT,ACCESS2,0107000,01073000800,Health",Insurance
"2014,AL,Alabama,Birmingham,Census","Tract,BRFSS,Prevention,0107000-01073001100,Current",lack,of,health,insurance,among,adults,aged,18–64,"Years,%,CrdPrv,Crude","prevalence,19.7,15.8,23.8,,,5354,""(33.5429143325,","-86.8756782852)"",PREVENT,ACCESS2,0107000,01073001100,Health",Insurance
"2014,AL,Alabama,Birmingham,Census","Tract,BRFSS,Prevention,0107000-01073001200,Current",lack,of,health,insurance,among,adults,aged,18–64,"Years,%,CrdPrv,Crude","prevalence,28.9,26.1,31.9,,,2876,""(33.5278767706,","-86.8604161686)"",PREVENT,ACCESS2,0107000,01073001200,Health",Insurance
"2014,AL,Alabama,Birmingham,Census","Tract,BRFSS,Prevention,0107000-01073001400,Current",lack,of,health,insurance,among,adults,aged,18–64,"Years,%,CrdPrv,Crude","prevalence,26.6,22.3,30.5,,,2181,""(33.5261497258,","-86.835146606)"",PREVENT,ACCESS2,0107000,01073001400,Health",Insurance
"2014,AL,Alabama,Birmingham,Census","Tract,BRFSS,Prevention,0107000-01073001500,Current",lack,of,health,insurance,among,adults,aged,18–64,"Years,%,CrdPrv,Crude","prevalence,31.8,28.4,34.9,,,3189,""(33.5298727342,","-86.8197191685)"",PREVENT,ACCESS2,0107000,01073001500,Health",Insurance
"2014,AL,Alabama,Birmingham,Census","Tract,BRFSS,Prevention,0107000-01073001600,Current",lack,of,health,insurance,among,adults,aged,18–64,"Years,%,CrdPrv,Crude","prevalence,31.8,27.6,36.1,,,3390,""(33.5372993423,","-86.8036590482)"",PREVENT,ACCESS2,0107000,01073001600,Health",Insurance
"2014,AL,Alabama,Birmingham,Census","Tract,BRFSS,Prevention,0107000-01073001902,Current",lack,of,health,insurance,among,adults,aged,18–64,"Years,%,CrdPrv,Crude","prevalence,30.5,27.5,33.8,,,1894,""(33.5532050997,","-86.7429801603)"",PREVENT,ACCESS2,0107000,01073001902,Health",Insurance
"2014,AL,Alabama,Birmingham,Census","Tract,BRFSS,Prevention,0107000-01073002000,Current",lack,of,health,insurance,among,adults,aged,18–64,"Years,%,CrdPrv,Crude","prevalence,28.0,24.4,32.2,,,3885,""(33.5541574106,","-86.7167229915)"",PREVENT,ACCESS2,0107000,01073002000,Health",Insurance
"2014,AL,Alabama,Birmingham,Census","Tract,BRFSS,Prevention,0107000-01073002100,Current",lack,of,health,insurance,among,adults,aged,18–64,"Years,%,CrdPrv,Crude","prevalence,24.3,20.6,28.6,,,3186,""(33.5650015942,","-86.7101024766)"",PREVENT,ACCESS2,0107000,01073002100,Health",Insurance
"2014,AL,Alabama,Birmingham,Census","Tract,BRFSS,Prevention,0107000-01073002200,Current",lack,of,health,insurance,among,adults,aged,18–64,"Years,%,CrdPrv,Crude","prevalence,25.8,22.3,29.3,,,2630,""(33.5521301205,","-86.7276759508)"",PREVENT,ACCESS2,0107000,01073002200,Health",Insurance
"2014,AL,Alabama,Birmingham,Census","Tract,BRFSS,Prevention,0107000-01073002303,Current",lack,of,health,insurance,among,adults,aged,18–64,"Years,%,CrdPrv,Crude","prevalence,31.7,27.8,36.0,,,2936,""(33.5383153207,","-86.7270445428)"",PREVENT,ACCESS2,0107000,01073002303,Health",Insurance
"2014,AL,Alabama,Birmingham,Census","Tract,BRFSS,Prevention,0107000-01073002305,Current",lack,of,health,insurance,among,adults,aged,18–64,"Years,%,CrdPrv,Crude","prevalence,9.8,8.2,11.6,,,2952,""(33.5333415976,","-86.7479566084)"",PREVENT,ACCESS2,0107000,01073002305,Health",Insurance
"2014,AL,Alabama,Birmingham,Census","Tract,BRFSS,Prevention,0107000-01073002306,Current",lack,of,health,insurance,among,adults,aged,18–64,"Years,%,CrdPrv,Crude","prevalence,10.3,8.8,12.2,,,3257,""(33.5213873564,","-86.7490031289)"",PREVENT,ACCESS2,0107000,01073002306,Health",Insurance
"2014,AL,Alabama,Birmingham,Census","Tract,BRFSS,Prevention,0107000-01073002400,Current",lack,of,health,insurance,among,adults,aged,18–64,"Years,%,CrdPrv,Crude","prevalence,27.1,24.0,30.4,,,3629,""(33.5260748309,","-86.7830315488)"",PREVENT,ACCESS2,0107000,01073002400,Health",Insurance
"2014,AL,Alabama,Birmingham,Census","Tract,BRFSS,Prevention,0107000-01073002700,Current",lack,of,health,insurance,among,adults,aged,18–64,"Years,%,CrdPrv,Crude","prevalence,23.3,19.5,27.7,,,3992,""(33.5176008419,","-86.8106887452)"",PREVENT,ACCESS2,0107000,01073002700,Health",Insurance
"2014,AL,Alabama,Birmingham,Census","Tract,BRFSS,Prevention,0107000-01073002900,Current",lack,of,health,insurance,among,adults,aged,18–64,"Years,%,CrdPrv,Crude","prevalence,30.4,25.8,35.1,,,2064,""(33.5132498864,","-86.83004749)"",PREVENT,ACCESS2,0107000,01073002900,Health",Insurance
"2014,AL,Alabama,Birmingham,Census","Tract,BRFSS,Prevention,0107000-01073003001,Current",lack,of,health,insurance,among,adults,aged,18–64,"Years,%,CrdPrv,Crude","prevalence,18.0,14.9,21.7,,,3779,""(33.5125158094,","-86.8577164946)"",PREVENT,ACCESS2,0107000,01073003001,Health",Insurance
"2014,AL,Alabama,Birmingham,Census","Tract,BRFSS,Prevention,0107000-01073003002,Current",lack,of,health,insurance,among,adults,aged,18–64,"Years,%,CrdPrv,Crude","prevalence,31.2,25.8,36.4,,,2203,""(33.512258109,","-86.8441439907)"",PREVENT,ACCESS2,0107000,01073003002,Health",Insurance
"2014,AL,Alabama,Birmingham,Census","Tract,BRFSS,Prevention,0107000-01073003100,Current",lack,of,health,insurance,among,adults,aged,18–64,"Years,%,CrdPrv,Crude","prevalence,26.3,22.7,30.1,,,3637,""(33.5059655756,","-86.8745506086)"",PREVENT,ACCESS2,0107000,01073003100,Health",Insurance
"2014,AL,Alabama,Birmingham,Census","Tract,BRFSS,Prevention,0107000-01073003200,Current",lack,of,health,insurance,among,adults,aged,18–64,"Years,%,CrdPrv,Crude","prevalence,33.7,29.7,38.0,,,931,""(33.5094018502,","-86.8859081961)"",PREVENT,ACCESS2,0107000,01073003200,Health",Insurance
"2014,AL,Alabama,Birmingham,Census","Tract,BRFSS,Prevention,0107000-01073003300,Current",lack,of,health,insurance,among,adults,aged,18–64,"Years,%,CrdPrv,Crude","prevalence,29.0,24.9,33.6,,,947,""(33.5171261108,","-86.8913819749)"",PREVENT,ACCESS2,0107000,01073003300,Health",Insurance
"2014,AL,Alabama,Birmingham,Census","Tract,BRFSS,Prevention,0107000-01073003400,Current",lack,of,health,insurance,among,adults,aged,18–64,"Years,%,CrdPrv,Crude","prevalence,30.7,26.7,35.2,,,2477,""(33.5052229234,","-86.9014844656)"",PREVENT,ACCESS2,0107000,01073003400,Health",Insurance
"2014,AL,Alabama,Birmingham,Census","Tract,BRFSS,Prevention,0107000-01073003500,Current",lack,of,health,insurance,among,adults,aged,18–64,"Years,%,CrdPrv,Crude","prevalence,26.7,23.0,30.7,,,2780,""(33.5065714011,","-86.9195910063)"",PREVENT,ACCESS2,0107000,01073003500,Health",Insurance
"2014,AL,Alabama,Birmingham,Census","Tract,BRFSS,Prevention,0107000-01073003600,Current",lack,of,health,insurance,among,adults,aged,18–64,"Years,%,CrdPrv,Crude","prevalence,17.8,15.0,20.9,,,4683,""(33.48476397,","-86.8981392947)"",PREVENT,ACCESS2,0107000,01073003600,Health",Insurance
"2014,AL,Alabama,Birmingham,Census","Tract,BRFSS,Prevention,0107000-01073003700,Current",lack,of,health,insurance,among,adults,aged,18–64,"Years,%,CrdPrv,Crude","prevalence,24.5,21.6,27.4,,,5063,""(33.4969018589,","-86.8907729426)"",PREVENT,ACCESS2,0107000,01073003700,Health",Insurance
"2014,AL,Alabama,Birmingham,Census","Tract,BRFSS,Prevention,0107000-01073003802,Current",lack,of,health,insurance,among,adults,aged,18–64,"Years,%,CrdPrv,Crude","prevalence,23.6,20.9,26.5,,,5409,""(33.4785707794,","-86.890000907)"",PREVENT,ACCESS2,0107000,01073003802,Health",Insurance
"2014,AL,Alabama,Birmingham,Census","Tract,BRFSS,Prevention,0107000-01073003803,Current",lack,of,health,insurance,among,adults,aged,18–64,"Years,%,CrdPrv,Crude","prevalence,25.7,21.7,30.0,,,4199,""(33.485945214,","-86.869692186)"",PREVENT,ACCESS2,0107000,01073003803,Health",Insurance
"2014,AL,Alabama,Birmingham,Census","Tract,BRFSS,Prevention,0107000-01073003900,Current",lack,of,health,insurance,among,adults,aged,18–64,"Years,%,CrdPrv,Crude","prevalence,34.9,32.0,37.9,,,1783,""(33.4989959327,","-86.8647600038)"",PREVENT,ACCESS2,0107000,01073003900,Health",Insurance
"2014,AL,Alabama,Birmingham,Census","Tract,BRFSS,Prevention,0107000-01073004000,Current",lack,of,health,insurance,among,adults,aged,18–64,"Years,%,CrdPrv,Crude","prevalence,30.1,25.6,34.6,,,3772,""(33.4953246015,","-86.8516232073)"",PREVENT,ACCESS2,0107000,01073004000,Health",Insurance
"2014,AL,Alabama,Birmingham,Census","Tract,BRFSS,Prevention,0107000-01073004200,Current",lack,of,health,insurance,among,adults,aged,18–64,"Years,%,CrdPrv,Crude","prevalence,25.6,22.8,28.6,,,2341,""(33.5007439361,","-86.8270720379)"",PREVENT,ACCESS2,0107000,01073004200,Health",Insurance
"2014,AL,Alabama,Birmingham,Census","Tract,BRFSS,Prevention,0107000-01073004500,Current",lack,of,health,insurance,among,adults,aged,18–64,"Years,%,CrdPrv,Crude","prevalence,26.2,22.0,31.3,,,5003,""(33.5041857556,","-86.8033798346)"",PREVENT,ACCESS2,0107000,01073004500,Health",Insurance
"2014,AL,Alabama,Birmingham,Census","Tract,BRFSS,Prevention,0107000-01073004701,Current",lack,of,health,insurance,among,adults,aged,18–64,"Years,%,CrdPrv,Crude","prevalence,12.3,9.7,16.2,,,3480,""(33.5075242148,","-86.7836675838)"",PREVENT,ACCESS2,0107000,01073004701,Health",Insurance
"2014,AL,Alabama,Birmingham,Census","Tract,BRFSS,Prevention,0107000-01073004702,Current",lack,of,health,insurance,among,adults,aged,18–64,"Years,%,CrdPrv,Crude","prevalence,7.3,6.3,8.8,,,2944,""(33.5119902661,","-86.7694550989)"",PREVENT,ACCESS2,0107000,01073004702,Health",Insurance
"2014,AL,Alabama,Birmingham,Census","Tract,BRFSS,Prevention,0107000-01073004800,Current",lack,of,health,insurance,among,adults,aged,18–64,"Years,%,CrdPrv,Crude","prevalence,9.5,8.0,11.3,,,1861,""(33.4989064008,","-86.78269914)"",PREVENT,ACCESS2,0107000,01073004800,Health",Insurance
"2014,AL,Alabama,Birmingham,Census","Tract,BRFSS,Prevention,0107000-01073004901,Current",lack,of,health,insurance,among,adults,aged,18–64,"Years,%,CrdPrv,Crude","prevalence,11.8,9.8,14.6,,,1167,""(33.4971595645,","-86.7917440668)"",PREVENT,ACCESS2,0107000,01073004901,Health",Insurance
"2014,AL,Alabama,Birmingham,Census","Tract,BRFSS,Prevention,0107000-01073004902,Current",lack,of,health,insurance,among,adults,aged,18–64,"Years,%,CrdPrv,Crude","prevalence,16.5,13.8,19.8,,,3146,""(33.4935824043,","-86.8009294603)"",PREVENT,ACCESS2,0107000,01073004902,Health",Insurance
"2014,AL,Alabama,Birmingham,Census","Tract,BRFSS,Prevention,0107000-01073005000,Current",lack,of,health,insurance,among,adults,aged,18–64,"Years,%,CrdPrv,Crude","prevalence,20.1,17.2,23.2,,,3482,""(33.4866689795,","-86.8173262831)"",PREVENT,ACCESS2,0107000,01073005000,Health",Insurance
"2014,AL,Alabama,Birmingham,Census","Tract,BRFSS,Prevention,0107000-01073005101,Current",lack,of,health,insurance,among,adults,aged,18–64,"Years,%,CrdPrv,Crude","prevalence,36.1,32.0,40.1,,,1507,""(33.4945909008,","-86.834763936)"",PREVENT,ACCESS2,0107000,01073005101,Health",Insurance
"2014,AL,Alabama,Birmingham,Census","Tract,BRFSS,Prevention,0107000-01073005103,Current",lack,of,health,insurance,among,adults,aged,18–64,"Years,%,CrdPrv,Crude","prevalence,20.0,16.8,23.6,,,2587,""(33.485714885,","-86.8327817467)"",PREVENT,ACCESS2,0107000,01073005103,Health",Insurance
